Customer_ID,Customer_Name,Related_to_Management
1,Customer_1,False
2,Customer_2,False
3,Customer_3,False
4,Customer_4,False
5,Customer_5,False
6,Customer_6,False
7,Customer_7,False
8,Customer_8,False
9,Customer_9,False
10,Customer_10,True
11,Customer_11,False
12,Customer_12,False
13,Customer_13,True
14,Customer_14,False
15,Customer_15,False
16,Customer_16,False
17,Customer_17,False
18,Customer_18,True
19,Customer_19,False
20,Customer_20,False
21,Customer_21,False
22,Customer_22,False
23,Customer_23,True
24,Customer_24,False
25,Customer_25,False
26,Customer_26,False
27,Customer_27,False
28,Customer_28,False
29,Customer_29,False
30,Customer_30,False
31,Customer_31,False
32,Customer_32,False
33,Customer_33,False
34,Customer_34,False
35,Customer_35,False
36,Customer_36,False
37,Customer_37,True
38,Customer_38,False
39,Customer_39,True
40,Customer_40,False
41,Customer_41,False
42,Customer_42,False
43,Customer_43,False
44,Customer_44,False
45,Customer_45,False
46,Customer_46,False
47,Customer_47,False
48,Customer_48,False
49,Customer_49,True
50,Customer_50,False
51,Customer_51,False
52,Customer_52,False
53,Customer_53,True
54,Customer_54,False
55,Customer_55,False
56,Customer_56,False
57,Customer_57,False
58,Customer_58,True
59,Customer_59,False
60,Customer_60,False
61,Customer_61,False
62,Customer_62,False
63,Customer_63,False
64,Customer_64,True
65,Customer_65,False
66,Customer_66,False
67,Customer_67,False
68,Customer_68,False
69,Customer_69,False
70,Customer_70,False
71,Customer_71,False
72,Customer_72,False
73,Customer_73,False
74,Customer_74,False
75,Customer_75,False
76,Customer_76,False
77,Customer_77,False
78,Customer_78,False
79,Customer_79,True
80,Customer_80,False
81,Customer_81,True
82,Customer_82,False
83,Customer_83,False
84,Customer_84,False
85,Customer_85,False
86,Customer_86,False
87,Customer_87,False
88,Customer_88,False
89,Customer_89,False
90,Customer_90,True
91,Customer_91,False
92,Customer_92,False
93,Customer_93,False
94,Customer_94,False
95,Customer_95,False
96,Customer_96,False
97,Customer_97,False
98,Customer_98,False
99,Customer_99,False
100,Customer_100,False
101,Customer_101,False
102,Customer_102,False
103,Customer_103,False
104,Customer_104,False
105,Customer_105,False
106,Customer_106,False
107,Customer_107,False
108,Customer_108,False
109,Customer_109,True
110,Customer_110,False
111,Customer_111,False
112,Customer_112,False
113,Customer_113,False
114,Customer_114,False
115,Customer_115,False
116,Customer_116,False
117,Customer_117,False
118,Customer_118,False
119,Customer_119,False
120,Customer_120,False
121,Customer_121,False
122,Customer_122,False
123,Customer_123,False
124,Customer_124,False
125,Customer_125,False
126,Customer_126,True
127,Customer_127,False
128,Customer_128,False
129,Customer_129,True
130,Customer_130,False
131,Customer_131,False
132,Customer_132,False
133,Customer_133,False
134,Customer_134,False
135,Customer_135,False
136,Customer_136,False
137,Customer_137,False
138,Customer_138,False
139,Customer_139,False
140,Customer_140,False
141,Customer_141,False
142,Customer_142,False
143,Customer_143,False
144,Customer_144,False
145,Customer_145,True
146,Customer_146,False
147,Customer_147,False
148,Customer_148,False
149,Customer_149,True
150,Customer_150,False
151,Customer_151,False
152,Customer_152,True
153,Customer_153,False
154,Customer_154,False
155,Customer_155,False
156,Customer_156,False
157,Customer_157,False
158,Customer_158,False
159,Customer_159,False
160,Customer_160,False
161,Customer_161,False
162,Customer_162,False
163,Customer_163,False
164,Customer_164,False
165,Customer_165,False
166,Customer_166,False
167,Customer_167,False
168,Customer_168,False
169,Customer_169,False
170,Customer_170,False
171,Customer_171,True
172,Customer_172,False
173,Customer_173,False
174,Customer_174,False
175,Customer_175,False
176,Customer_176,False
177,Customer_177,False
178,Customer_178,False
179,Customer_179,False
180,Customer_180,False
181,Customer_181,False
182,Customer_182,True
183,Customer_183,False
184,Customer_184,False
185,Customer_185,False
186,Customer_186,True
187,Customer_187,False
188,Customer_188,False
189,Customer_189,True
190,Customer_190,False
191,Customer_191,False
192,Customer_192,False
193,Customer_193,False
194,Customer_194,False
195,Customer_195,False
196,Customer_196,False
197,Customer_197,False
198,Customer_198,False
199,Customer_199,False
200,Customer_200,False
201,Customer_201,False
202,Customer_202,False
203,Customer_203,True
204,Customer_204,False
205,Customer_205,False
206,Customer_206,False
207,Customer_207,False
208,Customer_208,False
209,Customer_209,False
210,Customer_210,False
211,Customer_211,False
212,Customer_212,False
213,Customer_213,False
214,Customer_214,False
215,Customer_215,False
216,Customer_216,False
217,Customer_217,False
218,Customer_218,True
219,Customer_219,False
220,Customer_220,False
221,Customer_221,False
222,Customer_222,False
223,Customer_223,False
224,Customer_224,False
225,Customer_225,True
226,Customer_226,False
227,Customer_227,False
228,Customer_228,False
229,Customer_229,False
230,Customer_230,False
231,Customer_231,False
232,Customer_232,False
233,Customer_233,False
234,Customer_234,False
235,Customer_235,False
236,Customer_236,False
237,Customer_237,False
238,Customer_238,False
239,Customer_239,False
240,Customer_240,True
241,Customer_241,False
242,Customer_242,False
243,Customer_243,False
244,Customer_244,False
245,Customer_245,False
246,Customer_246,False
247,Customer_247,False
248,Customer_248,False
249,Customer_249,False
250,Customer_250,False
251,Customer_251,False
252,Customer_252,False
253,Customer_253,False
254,Customer_254,False
255,Customer_255,False
256,Customer_256,False
257,Customer_257,False
258,Customer_258,False
259,Customer_259,False
260,Customer_260,False
261,Customer_261,False
262,Customer_262,False
263,Customer_263,False
264,Customer_264,True
265,Customer_265,False
266,Customer_266,True
267,Customer_267,False
268,Customer_268,False
269,Customer_269,False
270,Customer_270,False
271,Customer_271,True
272,Customer_272,True
273,Customer_273,False
274,Customer_274,False
275,Customer_275,False
276,Customer_276,False
277,Customer_277,False
278,Customer_278,False
279,Customer_279,False
280,Customer_280,True
281,Customer_281,True
282,Customer_282,False
283,Customer_283,False
284,Customer_284,False
285,Customer_285,False
286,Customer_286,False
287,Customer_287,False
288,Customer_288,False
289,Customer_289,False
290,Customer_290,False
291,Customer_291,False
292,Customer_292,True
293,Customer_293,True
294,Customer_294,False
295,Customer_295,False
296,Customer_296,False
297,Customer_297,False
298,Customer_298,False
299,Customer_299,False
300,Customer_300,False
301,Customer_301,False
302,Customer_302,False
303,Customer_303,False
304,Customer_304,False
305,Customer_305,False
306,Customer_306,False
307,Customer_307,False
308,Customer_308,False
309,Customer_309,False
310,Customer_310,False
311,Customer_311,False
312,Customer_312,False
313,Customer_313,True
314,Customer_314,False
315,Customer_315,True
316,Customer_316,True
317,Customer_317,False
318,Customer_318,False
319,Customer_319,False
320,Customer_320,True
321,Customer_321,False
322,Customer_322,False
323,Customer_323,False
324,Customer_324,False
325,Customer_325,False
326,Customer_326,False
327,Customer_327,False
328,Customer_328,True
329,Customer_329,False
330,Customer_330,False
331,Customer_331,False
332,Customer_332,False
333,Customer_333,False
334,Customer_334,False
335,Customer_335,True
336,Customer_336,False
337,Customer_337,True
338,Customer_338,False
339,Customer_339,False
340,Customer_340,False
341,Customer_341,False
342,Customer_342,False
343,Customer_343,False
344,Customer_344,False
345,Customer_345,False
346,Customer_346,False
347,Customer_347,False
348,Customer_348,False
349,Customer_349,False
350,Customer_350,True
351,Customer_351,False
352,Customer_352,True
353,Customer_353,True
354,Customer_354,False
355,Customer_355,True
356,Customer_356,False
357,Customer_357,False
358,Customer_358,True
359,Customer_359,False
360,Customer_360,False
361,Customer_361,False
362,Customer_362,False
363,Customer_363,False
364,Customer_364,False
365,Customer_365,False
366,Customer_366,False
367,Customer_367,False
368,Customer_368,False
369,Customer_369,False
370,Customer_370,False
371,Customer_371,False
372,Customer_372,False
373,Customer_373,False
374,Customer_374,False
375,Customer_375,False
376,Customer_376,False
377,Customer_377,False
378,Customer_378,False
379,Customer_379,False
380,Customer_380,False
381,Customer_381,False
382,Customer_382,False
383,Customer_383,False
384,Customer_384,False
385,Customer_385,False
386,Customer_386,False
387,Customer_387,False
388,Customer_388,True
389,Customer_389,False
390,Customer_390,True
391,Customer_391,False
392,Customer_392,False
393,Customer_393,False
394,Customer_394,False
395,Customer_395,False
396,Customer_396,False
397,Customer_397,False
398,Customer_398,False
399,Customer_399,False
400,Customer_400,False
401,Customer_401,False
402,Customer_402,False
403,Customer_403,True
404,Customer_404,False
405,Customer_405,True
406,Customer_406,False
407,Customer_407,False
408,Customer_408,False
409,Customer_409,False
410,Customer_410,False
411,Customer_411,False
412,Customer_412,False
413,Customer_413,False
414,Customer_414,False
415,Customer_415,True
416,Customer_416,False
417,Customer_417,True
418,Customer_418,False
419,Customer_419,False
420,Customer_420,True
421,Customer_421,True
422,Customer_422,False
423,Customer_423,False
424,Customer_424,False
425,Customer_425,False
426,Customer_426,False
427,Customer_427,False
428,Customer_428,False
429,Customer_429,False
430,Customer_430,True
431,Customer_431,False
432,Customer_432,False
433,Customer_433,False
434,Customer_434,False
435,Customer_435,False
436,Customer_436,False
437,Customer_437,True
438,Customer_438,False
439,Customer_439,True
440,Customer_440,False
441,Customer_441,False
442,Customer_442,False
443,Customer_443,False
444,Customer_444,False
445,Customer_445,False
446,Customer_446,False
447,Customer_447,False
448,Customer_448,False
449,Customer_449,False
450,Customer_450,False
451,Customer_451,True
452,Customer_452,False
453,Customer_453,True
454,Customer_454,False
455,Customer_455,False
456,Customer_456,False
457,Customer_457,True
458,Customer_458,False
459,Customer_459,False
460,Customer_460,False
461,Customer_461,False
462,Customer_462,False
463,Customer_463,False
464,Customer_464,False
465,Customer_465,False
466,Customer_466,False
467,Customer_467,True
468,Customer_468,False
469,Customer_469,False
470,Customer_470,False
471,Customer_471,False
472,Customer_472,False
473,Customer_473,False
474,Customer_474,False
475,Customer_475,False
476,Customer_476,False
477,Customer_477,False
478,Customer_478,True
479,Customer_479,False
480,Customer_480,False
481,Customer_481,False
482,Customer_482,False
483,Customer_483,False
484,Customer_484,False
485,Customer_485,False
486,Customer_486,False
487,Customer_487,False
488,Customer_488,False
489,Customer_489,False
490,Customer_490,False
491,Customer_491,False
492,Customer_492,False
493,Customer_493,False
494,Customer_494,False
495,Customer_495,True
496,Customer_496,True
497,Customer_497,False
498,Customer_498,False
499,Customer_499,False
500,Customer_500,False
501,Customer_501,False
502,Customer_502,False
503,Customer_503,False
504,Customer_504,False
505,Customer_505,False
506,Customer_506,False
507,Customer_507,False
508,Customer_508,False
509,Customer_509,True
510,Customer_510,False
511,Customer_511,False
512,Customer_512,False
513,Customer_513,False
514,Customer_514,False
515,Customer_515,False
516,Customer_516,False
517,Customer_517,False
518,Customer_518,False
519,Customer_519,False
520,Customer_520,False
521,Customer_521,False
522,Customer_522,False
523,Customer_523,False
524,Customer_524,False
525,Customer_525,False
526,Customer_526,False
527,Customer_527,False
528,Customer_528,False
529,Customer_529,False
530,Customer_530,False
531,Customer_531,False
532,Customer_532,False
533,Customer_533,False
534,Customer_534,False
535,Customer_535,False
536,Customer_536,False
537,Customer_537,False
538,Customer_538,True
539,Customer_539,False
540,Customer_540,False
541,Customer_541,False
542,Customer_542,False
543,Customer_543,False
544,Customer_544,True
545,Customer_545,False
546,Customer_546,False
547,Customer_547,False
548,Customer_548,False
549,Customer_549,False
550,Customer_550,False
551,Customer_551,False
552,Customer_552,False
553,Customer_553,False
554,Customer_554,False
555,Customer_555,False
556,Customer_556,False
557,Customer_557,False
558,Customer_558,False
559,Customer_559,False
560,Customer_560,False
561,Customer_561,False
562,Customer_562,False
563,Customer_563,False
564,Customer_564,False
565,Customer_565,False
566,Customer_566,False
567,Customer_567,True
568,Customer_568,False
569,Customer_569,False
570,Customer_570,False
571,Customer_571,False
572,Customer_572,False
573,Customer_573,False
574,Customer_574,False
575,Customer_575,False
576,Customer_576,False
577,Customer_577,False
578,Customer_578,False
579,Customer_579,False
580,Customer_580,True
581,Customer_581,False
582,Customer_582,False
583,Customer_583,False
584,Customer_584,True
585,Customer_585,False
586,Customer_586,False
587,Customer_587,False
588,Customer_588,False
589,Customer_589,False
590,Customer_590,False
591,Customer_591,True
592,Customer_592,False
593,Customer_593,False
594,Customer_594,True
595,Customer_595,False
596,Customer_596,False
597,Customer_597,True
598,Customer_598,False
599,Customer_599,False
600,Customer_600,False
601,Customer_601,False
602,Customer_602,False
603,Customer_603,False
604,Customer_604,False
605,Customer_605,False
606,Customer_606,False
607,Customer_607,False
608,Customer_608,False
609,Customer_609,True
610,Customer_610,False
611,Customer_611,False
612,Customer_612,False
613,Customer_613,False
614,Customer_614,False
615,Customer_615,False
616,Customer_616,False
617,Customer_617,False
618,Customer_618,False
619,Customer_619,False
620,Customer_620,False
621,Customer_621,True
622,Customer_622,False
623,Customer_623,False
624,Customer_624,False
625,Customer_625,False
626,Customer_626,False
627,Customer_627,False
628,Customer_628,False
629,Customer_629,False
630,Customer_630,False
631,Customer_631,True
632,Customer_632,False
633,Customer_633,False
634,Customer_634,False
635,Customer_635,False
636,Customer_636,False
637,Customer_637,False
638,Customer_638,False
639,Customer_639,False
640,Customer_640,False
641,Customer_641,False
642,Customer_642,False
643,Customer_643,False
644,Customer_644,False
645,Customer_645,False
646,Customer_646,False
647,Customer_647,False
648,Customer_648,False
649,Customer_649,False
650,Customer_650,False
651,Customer_651,False
652,Customer_652,False
653,Customer_653,True
654,Customer_654,False
655,Customer_655,False
656,Customer_656,False
657,Customer_657,False
658,Customer_658,False
659,Customer_659,False
660,Customer_660,False
661,Customer_661,False
662,Customer_662,False
663,Customer_663,False
664,Customer_664,False
665,Customer_665,False
666,Customer_666,False
667,Customer_667,False
668,Customer_668,False
669,Customer_669,False
670,Customer_670,False
671,Customer_671,False
672,Customer_672,False
673,Customer_673,False
674,Customer_674,False
675,Customer_675,False
676,Customer_676,False
677,Customer_677,False
678,Customer_678,False
679,Customer_679,False
680,Customer_680,False
681,Customer_681,False
682,Customer_682,True
683,Customer_683,False
684,Customer_684,False
685,Customer_685,True
686,Customer_686,False
687,Customer_687,False
688,Customer_688,False
689,Customer_689,False
690,Customer_690,False
691,Customer_691,False
692,Customer_692,False
693,Customer_693,False
694,Customer_694,False
695,Customer_695,False
696,Customer_696,False
697,Customer_697,False
698,Customer_698,False
699,Customer_699,False
700,Customer_700,False
701,Customer_701,False
702,Customer_702,False
703,Customer_703,True
704,Customer_704,False
705,Customer_705,False
706,Customer_706,False
707,Customer_707,False
708,Customer_708,False
709,Customer_709,False
710,Customer_710,False
711,Customer_711,False
712,Customer_712,False
713,Customer_713,False
714,Customer_714,False
715,Customer_715,False
716,Customer_716,False
717,Customer_717,False
718,Customer_718,False
719,Customer_719,False
720,Customer_720,False
721,Customer_721,False
722,Customer_722,False
723,Customer_723,False
724,Customer_724,False
725,Customer_725,False
726,Customer_726,False
727,Customer_727,False
728,Customer_728,False
729,Customer_729,False
730,Customer_730,False
731,Customer_731,False
732,Customer_732,False
733,Customer_733,False
734,Customer_734,False
735,Customer_735,False
736,Customer_736,False
737,Customer_737,False
738,Customer_738,False
739,Customer_739,False
740,Customer_740,False
741,Customer_741,False
742,Customer_742,False
743,Customer_743,False
744,Customer_744,False
745,Customer_745,True
746,Customer_746,False
747,Customer_747,False
748,Customer_748,False
749,Customer_749,False
750,Customer_750,False
751,Customer_751,False
752,Customer_752,False
753,Customer_753,False
754,Customer_754,False
755,Customer_755,False
756,Customer_756,False
757,Customer_757,False
758,Customer_758,False
759,Customer_759,False
760,Customer_760,False
761,Customer_761,False
762,Customer_762,False
763,Customer_763,False
764,Customer_764,False
765,Customer_765,False
766,Customer_766,False
767,Customer_767,False
768,Customer_768,False
769,Customer_769,False
770,Customer_770,False
771,Customer_771,False
772,Customer_772,False
773,Customer_773,False
774,Customer_774,False
775,Customer_775,True
776,Customer_776,False
777,Customer_777,False
778,Customer_778,False
779,Customer_779,False
780,Customer_780,False
781,Customer_781,False
782,Customer_782,False
783,Customer_783,False
784,Customer_784,False
785,Customer_785,False
786,Customer_786,False
787,Customer_787,False
788,Customer_788,False
789,Customer_789,False
790,Customer_790,False
791,Customer_791,False
792,Customer_792,False
793,Customer_793,False
794,Customer_794,False
795,Customer_795,False
796,Customer_796,False
797,Customer_797,False
798,Customer_798,False
799,Customer_799,True
800,Customer_800,False
801,Customer_801,False
802,Customer_802,True
803,Customer_803,False
804,Customer_804,False
805,Customer_805,False
806,Customer_806,False
807,Customer_807,False
808,Customer_808,False
809,Customer_809,False
810,Customer_810,False
811,Customer_811,False
812,Customer_812,False
813,Customer_813,False
814,Customer_814,False
815,Customer_815,False
816,Customer_816,False
817,Customer_817,False
818,Customer_818,False
819,Customer_819,False
820,Customer_820,False
821,Customer_821,True
822,Customer_822,False
823,Customer_823,False
824,Customer_824,False
825,Customer_825,False
826,Customer_826,False
827,Customer_827,True
828,Customer_828,False
829,Customer_829,False
830,Customer_830,False
831,Customer_831,True
832,Customer_832,False
833,Customer_833,False
834,Customer_834,False
835,Customer_835,False
836,Customer_836,False
837,Customer_837,True
838,Customer_838,False
839,Customer_839,False
840,Customer_840,True
841,Customer_841,False
842,Customer_842,False
843,Customer_843,False
844,Customer_844,False
845,Customer_845,False
846,Customer_846,False
847,Customer_847,False
848,Customer_848,False
849,Customer_849,False
850,Customer_850,False
851,Customer_851,False
852,Customer_852,False
853,Customer_853,False
854,Customer_854,False
855,Customer_855,True
856,Customer_856,False
857,Customer_857,False
858,Customer_858,False
859,Customer_859,True
860,Customer_860,False
861,Customer_861,False
862,Customer_862,False
863,Customer_863,True
864,Customer_864,False
865,Customer_865,False
866,Customer_866,False
867,Customer_867,False
868,Customer_868,False
869,Customer_869,True
870,Customer_870,False
871,Customer_871,False
872,Customer_872,False
873,Customer_873,False
874,Customer_874,False
875,Customer_875,False
876,Customer_876,False
877,Customer_877,False
878,Customer_878,False
879,Customer_879,True
880,Customer_880,True
881,Customer_881,False
882,Customer_882,True
883,Customer_883,False
884,Customer_884,False
885,Customer_885,False
886,Customer_886,False
887,Customer_887,False
888,Customer_888,False
889,Customer_889,False
890,Customer_890,False
891,Customer_891,False
892,Customer_892,False
893,Customer_893,False
894,Customer_894,False
895,Customer_895,False
896,Customer_896,False
897,Customer_897,False
898,Customer_898,False
899,Customer_899,False
900,Customer_900,False
901,Customer_901,False
902,Customer_902,False
903,Customer_903,False
904,Customer_904,False
905,Customer_905,False
906,Customer_906,True
907,Customer_907,False
908,Customer_908,False
909,Customer_909,False
910,Customer_910,False
911,Customer_911,False
912,Customer_912,False
913,Customer_913,False
914,Customer_914,False
915,Customer_915,False
916,Customer_916,False
917,Customer_917,True
918,Customer_918,False
919,Customer_919,False
920,Customer_920,False
921,Customer_921,False
922,Customer_922,False
923,Customer_923,False
924,Customer_924,False
925,Customer_925,False
926,Customer_926,True
927,Customer_927,False
928,Customer_928,False
929,Customer_929,False
930,Customer_930,False
931,Customer_931,False
932,Customer_932,False
933,Customer_933,False
934,Customer_934,False
935,Customer_935,False
936,Customer_936,False
937,Customer_937,False
938,Customer_938,True
939,Customer_939,False
940,Customer_940,False
941,Customer_941,True
942,Customer_942,False
943,Customer_943,False
944,Customer_944,False
945,Customer_945,False
946,Customer_946,False
947,Customer_947,False
948,Customer_948,False
949,Customer_949,False
950,Customer_950,False
951,Customer_951,False
952,Customer_952,False
953,Customer_953,False
954,Customer_954,False
955,Customer_955,True
956,Customer_956,False
957,Customer_957,False
958,Customer_958,True
959,Customer_959,False
960,Customer_960,False
961,Customer_961,False
962,Customer_962,False
963,Customer_963,False
964,Customer_964,True
965,Customer_965,False
966,Customer_966,False
967,Customer_967,False
968,Customer_968,False
969,Customer_969,False
970,Customer_970,False
971,Customer_971,False
972,Customer_972,False
973,Customer_973,False
974,Customer_974,False
975,Customer_975,False
976,Customer_976,True
977,Customer_977,False
978,Customer_978,False
979,Customer_979,False
980,Customer_980,False
981,Customer_981,False
982,Customer_982,False
983,Customer_983,False
984,Customer_984,False
985,Customer_985,False
986,Customer_986,False
987,Customer_987,False
988,Customer_988,False
989,Customer_989,False
990,Customer_990,False
991,Customer_991,False
992,Customer_992,False
993,Customer_993,False
994,Customer_994,True
995,Customer_995,False
996,Customer_996,False
997,Customer_997,False
998,Customer_998,False
999,Customer_999,False
1000,Customer_1000,True
1001,Customer_1001,False
1002,Customer_1002,False
1003,Customer_1003,False
1004,Customer_1004,False
1005,Customer_1005,False
1006,Customer_1006,False
1007,Customer_1007,False
1008,Customer_1008,False
1009,Customer_1009,False
1010,Customer_1010,False
1011,Customer_1011,True
1012,Customer_1012,False
1013,Customer_1013,False
1014,Customer_1014,False
1015,Customer_1015,True
1016,Customer_1016,False
1017,Customer_1017,False
1018,Customer_1018,False
1019,Customer_1019,True
1020,Customer_1020,False
1021,Customer_1021,False
1022,Customer_1022,False
1023,Customer_1023,False
1024,Customer_1024,False
1025,Customer_1025,False
1026,Customer_1026,False
1027,Customer_1027,False
1028,Customer_1028,True
1029,Customer_1029,False
1030,Customer_1030,True
1031,Customer_1031,False
1032,Customer_1032,False
1033,Customer_1033,False
1034,Customer_1034,False
1035,Customer_1035,False
1036,Customer_1036,False
1037,Customer_1037,False
1038,Customer_1038,False
1039,Customer_1039,False
1040,Customer_1040,False
1041,Customer_1041,False
1042,Customer_1042,False
1043,Customer_1043,False
1044,Customer_1044,False
1045,Customer_1045,False
1046,Customer_1046,False
1047,Customer_1047,False
1048,Customer_1048,False
1049,Customer_1049,False
1050,Customer_1050,False
1051,Customer_1051,False
1052,Customer_1052,False
1053,Customer_1053,True
1054,Customer_1054,True
1055,Customer_1055,False
1056,Customer_1056,False
1057,Customer_1057,False
1058,Customer_1058,False
1059,Customer_1059,False
1060,Customer_1060,False
1061,Customer_1061,False
1062,Customer_1062,True
1063,Customer_1063,False
1064,Customer_1064,False
1065,Customer_1065,False
1066,Customer_1066,False
1067,Customer_1067,False
1068,Customer_1068,False
1069,Customer_1069,False
1070,Customer_1070,False
1071,Customer_1071,False
1072,Customer_1072,False
1073,Customer_1073,False
1074,Customer_1074,False
1075,Customer_1075,False
1076,Customer_1076,False
1077,Customer_1077,False
1078,Customer_1078,False
1079,Customer_1079,False
1080,Customer_1080,False
1081,Customer_1081,True
1082,Customer_1082,False
1083,Customer_1083,False
1084,Customer_1084,False
1085,Customer_1085,False
1086,Customer_1086,False
1087,Customer_1087,False
1088,Customer_1088,False
1089,Customer_1089,False
1090,Customer_1090,False
1091,Customer_1091,False
1092,Customer_1092,False
1093,Customer_1093,False
1094,Customer_1094,False
1095,Customer_1095,False
1096,Customer_1096,False
1097,Customer_1097,True
1098,Customer_1098,False
1099,Customer_1099,False
1100,Customer_1100,False
1101,Customer_1101,False
1102,Customer_1102,False
1103,Customer_1103,False
1104,Customer_1104,False
1105,Customer_1105,False
1106,Customer_1106,False
1107,Customer_1107,True
1108,Customer_1108,False
1109,Customer_1109,False
1110,Customer_1110,False
1111,Customer_1111,False
1112,Customer_1112,False
1113,Customer_1113,True
1114,Customer_1114,False
1115,Customer_1115,False
1116,Customer_1116,True
1117,Customer_1117,False
1118,Customer_1118,False
1119,Customer_1119,False
1120,Customer_1120,False
1121,Customer_1121,False
1122,Customer_1122,False
1123,Customer_1123,False
1124,Customer_1124,False
1125,Customer_1125,False
1126,Customer_1126,False
1127,Customer_1127,False
1128,Customer_1128,False
1129,Customer_1129,False
1130,Customer_1130,False
1131,Customer_1131,False
1132,Customer_1132,False
1133,Customer_1133,False
1134,Customer_1134,False
1135,Customer_1135,False
1136,Customer_1136,False
1137,Customer_1137,False
1138,Customer_1138,False
1139,Customer_1139,False
1140,Customer_1140,True
1141,Customer_1141,False
1142,Customer_1142,False
1143,Customer_1143,False
1144,Customer_1144,False
1145,Customer_1145,False
1146,Customer_1146,False
1147,Customer_1147,False
1148,Customer_1148,False
1149,Customer_1149,True
1150,Customer_1150,False
1151,Customer_1151,False
1152,Customer_1152,False
1153,Customer_1153,False
1154,Customer_1154,False
1155,Customer_1155,False
1156,Customer_1156,False
1157,Customer_1157,False
1158,Customer_1158,False
1159,Customer_1159,False
1160,Customer_1160,False
1161,Customer_1161,False
1162,Customer_1162,False
1163,Customer_1163,False
1164,Customer_1164,False
1165,Customer_1165,False
1166,Customer_1166,False
1167,Customer_1167,False
1168,Customer_1168,True
1169,Customer_1169,False
1170,Customer_1170,False
1171,Customer_1171,True
1172,Customer_1172,False
1173,Customer_1173,False
1174,Customer_1174,False
1175,Customer_1175,True
1176,Customer_1176,False
1177,Customer_1177,False
1178,Customer_1178,False
1179,Customer_1179,False
1180,Customer_1180,False
1181,Customer_1181,False
1182,Customer_1182,True
1183,Customer_1183,True
1184,Customer_1184,False
1185,Customer_1185,False
1186,Customer_1186,False
1187,Customer_1187,False
1188,Customer_1188,False
1189,Customer_1189,False
1190,Customer_1190,False
1191,Customer_1191,False
1192,Customer_1192,False
1193,Customer_1193,False
1194,Customer_1194,False
1195,Customer_1195,False
1196,Customer_1196,False
1197,Customer_1197,True
1198,Customer_1198,False
1199,Customer_1199,False
1200,Customer_1200,False
1201,Customer_1201,False
1202,Customer_1202,False
1203,Customer_1203,False
1204,Customer_1204,False
1205,Customer_1205,False
1206,Customer_1206,False
1207,Customer_1207,False
1208,Customer_1208,False
1209,Customer_1209,False
1210,Customer_1210,False
1211,Customer_1211,False
1212,Customer_1212,False
1213,Customer_1213,False
1214,Customer_1214,True
1215,Customer_1215,False
1216,Customer_1216,False
1217,Customer_1217,False
1218,Customer_1218,False
1219,Customer_1219,False
1220,Customer_1220,False
1221,Customer_1221,False
1222,Customer_1222,False
1223,Customer_1223,False
1224,Customer_1224,False
1225,Customer_1225,False
1226,Customer_1226,False
1227,Customer_1227,False
1228,Customer_1228,True
1229,Customer_1229,False
1230,Customer_1230,False
1231,Customer_1231,False
1232,Customer_1232,False
1233,Customer_1233,False
1234,Customer_1234,False
1235,Customer_1235,False
1236,Customer_1236,False
1237,Customer_1237,False
1238,Customer_1238,False
1239,Customer_1239,True
1240,Customer_1240,False
1241,Customer_1241,False
1242,Customer_1242,False
1243,Customer_1243,False
1244,Customer_1244,False
1245,Customer_1245,True
1246,Customer_1246,True
1247,Customer_1247,False
1248,Customer_1248,False
1249,Customer_1249,False
1250,Customer_1250,False
1251,Customer_1251,False
1252,Customer_1252,False
1253,Customer_1253,False
1254,Customer_1254,True
1255,Customer_1255,False
1256,Customer_1256,False
1257,Customer_1257,False
1258,Customer_1258,False
1259,Customer_1259,False
1260,Customer_1260,False
1261,Customer_1261,False
1262,Customer_1262,False
1263,Customer_1263,False
1264,Customer_1264,True
1265,Customer_1265,False
1266,Customer_1266,False
1267,Customer_1267,True
1268,Customer_1268,False
1269,Customer_1269,True
1270,Customer_1270,True
1271,Customer_1271,False
1272,Customer_1272,False
1273,Customer_1273,False
1274,Customer_1274,False
1275,Customer_1275,False
1276,Customer_1276,False
1277,Customer_1277,False
1278,Customer_1278,False
1279,Customer_1279,False
1280,Customer_1280,False
1281,Customer_1281,True
1282,Customer_1282,False
1283,Customer_1283,True
1284,Customer_1284,False
1285,Customer_1285,False
1286,Customer_1286,False
1287,Customer_1287,False
1288,Customer_1288,False
1289,Customer_1289,False
1290,Customer_1290,False
1291,Customer_1291,True
1292,Customer_1292,False
1293,Customer_1293,False
1294,Customer_1294,False
1295,Customer_1295,False
1296,Customer_1296,False
1297,Customer_1297,False
1298,Customer_1298,False
1299,Customer_1299,True
1300,Customer_1300,True
1301,Customer_1301,False
1302,Customer_1302,False
1303,Customer_1303,False
1304,Customer_1304,False
1305,Customer_1305,False
1306,Customer_1306,False
1307,Customer_1307,False
1308,Customer_1308,False
1309,Customer_1309,False
1310,Customer_1310,False
1311,Customer_1311,False
1312,Customer_1312,False
1313,Customer_1313,False
1314,Customer_1314,False
1315,Customer_1315,False
1316,Customer_1316,False
1317,Customer_1317,False
1318,Customer_1318,False
1319,Customer_1319,True
1320,Customer_1320,True
1321,Customer_1321,False
1322,Customer_1322,False
1323,Customer_1323,False
1324,Customer_1324,False
1325,Customer_1325,False
1326,Customer_1326,False
1327,Customer_1327,False
1328,Customer_1328,False
1329,Customer_1329,False
1330,Customer_1330,True
1331,Customer_1331,False
1332,Customer_1332,False
1333,Customer_1333,False
1334,Customer_1334,False
1335,Customer_1335,False
1336,Customer_1336,False
1337,Customer_1337,False
1338,Customer_1338,False
1339,Customer_1339,False
1340,Customer_1340,False
1341,Customer_1341,False
1342,Customer_1342,False
1343,Customer_1343,False
1344,Customer_1344,False
1345,Customer_1345,False
1346,Customer_1346,False
1347,Customer_1347,False
1348,Customer_1348,False
1349,Customer_1349,False
1350,Customer_1350,False
1351,Customer_1351,False
1352,Customer_1352,False
1353,Customer_1353,False
1354,Customer_1354,False
1355,Customer_1355,False
1356,Customer_1356,False
1357,Customer_1357,False
1358,Customer_1358,False
1359,Customer_1359,False
1360,Customer_1360,False
1361,Customer_1361,False
1362,Customer_1362,False
1363,Customer_1363,False
1364,Customer_1364,False
1365,Customer_1365,False
1366,Customer_1366,False
1367,Customer_1367,False
1368,Customer_1368,False
1369,Customer_1369,False
1370,Customer_1370,False
1371,Customer_1371,False
1372,Customer_1372,True
1373,Customer_1373,False
1374,Customer_1374,False
1375,Customer_1375,False
1376,Customer_1376,False
1377,Customer_1377,False
1378,Customer_1378,False
1379,Customer_1379,False
1380,Customer_1380,False
1381,Customer_1381,False
1382,Customer_1382,False
1383,Customer_1383,True
1384,Customer_1384,False
1385,Customer_1385,False
1386,Customer_1386,False
1387,Customer_1387,False
1388,Customer_1388,False
1389,Customer_1389,False
1390,Customer_1390,False
1391,Customer_1391,False
1392,Customer_1392,False
1393,Customer_1393,False
1394,Customer_1394,True
1395,Customer_1395,False
1396,Customer_1396,False
1397,Customer_1397,True
1398,Customer_1398,False
1399,Customer_1399,False
1400,Customer_1400,False
1401,Customer_1401,False
1402,Customer_1402,False
1403,Customer_1403,True
1404,Customer_1404,False
1405,Customer_1405,False
1406,Customer_1406,False
1407,Customer_1407,True
1408,Customer_1408,False
1409,Customer_1409,False
1410,Customer_1410,False
1411,Customer_1411,False
1412,Customer_1412,False
1413,Customer_1413,False
1414,Customer_1414,False
1415,Customer_1415,False
1416,Customer_1416,True
1417,Customer_1417,False
1418,Customer_1418,False
1419,Customer_1419,False
1420,Customer_1420,False
1421,Customer_1421,False
1422,Customer_1422,True
1423,Customer_1423,False
1424,Customer_1424,False
1425,Customer_1425,False
1426,Customer_1426,False
1427,Customer_1427,False
1428,Customer_1428,False
1429,Customer_1429,False
1430,Customer_1430,False
1431,Customer_1431,False
1432,Customer_1432,False
1433,Customer_1433,False
1434,Customer_1434,False
1435,Customer_1435,True
1436,Customer_1436,False
1437,Customer_1437,False
1438,Customer_1438,False
1439,Customer_1439,False
1440,Customer_1440,False
1441,Customer_1441,False
1442,Customer_1442,False
1443,Customer_1443,False
1444,Customer_1444,False
1445,Customer_1445,False
1446,Customer_1446,True
1447,Customer_1447,False
1448,Customer_1448,False
1449,Customer_1449,False
1450,Customer_1450,False
1451,Customer_1451,False
1452,Customer_1452,False
1453,Customer_1453,False
1454,Customer_1454,False
1455,Customer_1455,False
1456,Customer_1456,False
1457,Customer_1457,False
1458,Customer_1458,False
1459,Customer_1459,False
1460,Customer_1460,False
1461,Customer_1461,False
1462,Customer_1462,False
1463,Customer_1463,False
1464,Customer_1464,True
1465,Customer_1465,False
1466,Customer_1466,False
1467,Customer_1467,False
1468,Customer_1468,False
1469,Customer_1469,False
1470,Customer_1470,False
1471,Customer_1471,False
1472,Customer_1472,False
1473,Customer_1473,False
1474,Customer_1474,True
1475,Customer_1475,False
1476,Customer_1476,False
1477,Customer_1477,False
1478,Customer_1478,False
1479,Customer_1479,False
1480,Customer_1480,False
1481,Customer_1481,False
1482,Customer_1482,False
1483,Customer_1483,True
1484,Customer_1484,False
1485,Customer_1485,False
1486,Customer_1486,False
1487,Customer_1487,False
1488,Customer_1488,False
1489,Customer_1489,False
1490,Customer_1490,False
1491,Customer_1491,False
1492,Customer_1492,False
1493,Customer_1493,False
1494,Customer_1494,True
1495,Customer_1495,False
1496,Customer_1496,True
1497,Customer_1497,False
1498,Customer_1498,False
1499,Customer_1499,False
1500,Customer_1500,False
1501,Customer_1501,True
1502,Customer_1502,False
1503,Customer_1503,False
1504,Customer_1504,False
1505,Customer_1505,False
1506,Customer_1506,False
1507,Customer_1507,False
1508,Customer_1508,False
1509,Customer_1509,False
1510,Customer_1510,False
1511,Customer_1511,False
1512,Customer_1512,False
1513,Customer_1513,False
1514,Customer_1514,False
1515,Customer_1515,False
1516,Customer_1516,False
1517,Customer_1517,False
1518,Customer_1518,False
1519,Customer_1519,False
1520,Customer_1520,False
1521,Customer_1521,False
1522,Customer_1522,False
1523,Customer_1523,False
1524,Customer_1524,False
1525,Customer_1525,False
1526,Customer_1526,False
1527,Customer_1527,False
1528,Customer_1528,False
1529,Customer_1529,True
1530,Customer_1530,False
1531,Customer_1531,False
1532,Customer_1532,False
1533,Customer_1533,False
1534,Customer_1534,False
1535,Customer_1535,False
1536,Customer_1536,False
1537,Customer_1537,False
1538,Customer_1538,False
1539,Customer_1539,False
1540,Customer_1540,False
1541,Customer_1541,False
1542,Customer_1542,False
1543,Customer_1543,False
1544,Customer_1544,False
1545,Customer_1545,False
1546,Customer_1546,False
1547,Customer_1547,False
1548,Customer_1548,True
1549,Customer_1549,False
1550,Customer_1550,False
1551,Customer_1551,False
1552,Customer_1552,False
1553,Customer_1553,False
1554,Customer_1554,False
1555,Customer_1555,False
1556,Customer_1556,True
1557,Customer_1557,True
1558,Customer_1558,False
1559,Customer_1559,False
1560,Customer_1560,False
1561,Customer_1561,False
1562,Customer_1562,False
1563,Customer_1563,False
1564,Customer_1564,False
1565,Customer_1565,False
1566,Customer_1566,False
1567,Customer_1567,False
1568,Customer_1568,False
1569,Customer_1569,False
1570,Customer_1570,False
1571,Customer_1571,False
1572,Customer_1572,False
1573,Customer_1573,False
1574,Customer_1574,False
1575,Customer_1575,False
1576,Customer_1576,False
1577,Customer_1577,False
1578,Customer_1578,True
1579,Customer_1579,True
1580,Customer_1580,False
1581,Customer_1581,False
1582,Customer_1582,False
1583,Customer_1583,False
1584,Customer_1584,False
1585,Customer_1585,True
1586,Customer_1586,False
1587,Customer_1587,True
1588,Customer_1588,False
1589,Customer_1589,False
1590,Customer_1590,False
1591,Customer_1591,False
1592,Customer_1592,False
1593,Customer_1593,False
1594,Customer_1594,False
1595,Customer_1595,False
1596,Customer_1596,False
1597,Customer_1597,False
1598,Customer_1598,False
1599,Customer_1599,False
1600,Customer_1600,False
1601,Customer_1601,False
1602,Customer_1602,True
1603,Customer_1603,False
1604,Customer_1604,False
1605,Customer_1605,False
1606,Customer_1606,False
1607,Customer_1607,False
1608,Customer_1608,False
1609,Customer_1609,True
1610,Customer_1610,False
1611,Customer_1611,False
1612,Customer_1612,False
1613,Customer_1613,False
1614,Customer_1614,False
1615,Customer_1615,False
1616,Customer_1616,False
1617,Customer_1617,False
1618,Customer_1618,False
1619,Customer_1619,False
1620,Customer_1620,False
1621,Customer_1621,False
1622,Customer_1622,False
1623,Customer_1623,False
1624,Customer_1624,False
1625,Customer_1625,True
1626,Customer_1626,False
1627,Customer_1627,False
1628,Customer_1628,False
1629,Customer_1629,False
1630,Customer_1630,False
1631,Customer_1631,True
1632,Customer_1632,False
1633,Customer_1633,False
1634,Customer_1634,False
1635,Customer_1635,True
1636,Customer_1636,False
1637,Customer_1637,False
1638,Customer_1638,False
1639,Customer_1639,False
1640,Customer_1640,False
1641,Customer_1641,False
1642,Customer_1642,False
1643,Customer_1643,False
1644,Customer_1644,False
1645,Customer_1645,False
1646,Customer_1646,False
1647,Customer_1647,False
1648,Customer_1648,False
1649,Customer_1649,False
1650,Customer_1650,False
1651,Customer_1651,False
1652,Customer_1652,False
1653,Customer_1653,False
1654,Customer_1654,False
1655,Customer_1655,False
1656,Customer_1656,False
1657,Customer_1657,True
1658,Customer_1658,False
1659,Customer_1659,False
1660,Customer_1660,False
1661,Customer_1661,False
1662,Customer_1662,False
1663,Customer_1663,False
1664,Customer_1664,False
1665,Customer_1665,False
1666,Customer_1666,False
1667,Customer_1667,False
1668,Customer_1668,False
1669,Customer_1669,False
1670,Customer_1670,False
1671,Customer_1671,False
1672,Customer_1672,False
1673,Customer_1673,False
1674,Customer_1674,False
1675,Customer_1675,False
1676,Customer_1676,True
1677,Customer_1677,True
1678,Customer_1678,False
1679,Customer_1679,False
1680,Customer_1680,False
1681,Customer_1681,False
1682,Customer_1682,False
1683,Customer_1683,False
1684,Customer_1684,False
1685,Customer_1685,False
1686,Customer_1686,False
1687,Customer_1687,False
1688,Customer_1688,False
1689,Customer_1689,False
1690,Customer_1690,False
1691,Customer_1691,False
1692,Customer_1692,True
1693,Customer_1693,False
1694,Customer_1694,False
1695,Customer_1695,True
1696,Customer_1696,False
1697,Customer_1697,True
1698,Customer_1698,False
1699,Customer_1699,False
1700,Customer_1700,False
1701,Customer_1701,False
1702,Customer_1702,False
1703,Customer_1703,False
1704,Customer_1704,False
1705,Customer_1705,False
1706,Customer_1706,True
1707,Customer_1707,False
1708,Customer_1708,False
1709,Customer_1709,False
1710,Customer_1710,False
1711,Customer_1711,False
1712,Customer_1712,False
1713,Customer_1713,False
1714,Customer_1714,False
1715,Customer_1715,False
1716,Customer_1716,False
1717,Customer_1717,False
1718,Customer_1718,False
1719,Customer_1719,False
1720,Customer_1720,False
1721,Customer_1721,False
1722,Customer_1722,False
1723,Customer_1723,False
1724,Customer_1724,True
1725,Customer_1725,False
1726,Customer_1726,False
1727,Customer_1727,True
1728,Customer_1728,False
1729,Customer_1729,False
1730,Customer_1730,False
1731,Customer_1731,False
1732,Customer_1732,False
1733,Customer_1733,True
1734,Customer_1734,False
1735,Customer_1735,False
1736,Customer_1736,False
1737,Customer_1737,False
1738,Customer_1738,False
1739,Customer_1739,False
1740,Customer_1740,False
1741,Customer_1741,False
1742,Customer_1742,False
1743,Customer_1743,True
1744,Customer_1744,False
1745,Customer_1745,False
1746,Customer_1746,False
1747,Customer_1747,False
1748,Customer_1748,False
1749,Customer_1749,False
1750,Customer_1750,False
1751,Customer_1751,False
1752,Customer_1752,False
1753,Customer_1753,False
1754,Customer_1754,False
1755,Customer_1755,False
1756,Customer_1756,False
1757,Customer_1757,False
1758,Customer_1758,False
1759,Customer_1759,False
1760,Customer_1760,False
1761,Customer_1761,True
1762,Customer_1762,False
1763,Customer_1763,False
1764,Customer_1764,False
1765,Customer_1765,False
1766,Customer_1766,False
1767,Customer_1767,False
1768,Customer_1768,False
1769,Customer_1769,True
1770,Customer_1770,False
1771,Customer_1771,False
1772,Customer_1772,False
1773,Customer_1773,False
1774,Customer_1774,False
1775,Customer_1775,True
1776,Customer_1776,True
1777,Customer_1777,False
1778,Customer_1778,True
1779,Customer_1779,True
1780,Customer_1780,True
1781,Customer_1781,False
1782,Customer_1782,False
1783,Customer_1783,False
1784,Customer_1784,False
1785,Customer_1785,False
1786,Customer_1786,False
1787,Customer_1787,False
1788,Customer_1788,False
1789,Customer_1789,False
1790,Customer_1790,True
1791,Customer_1791,False
1792,Customer_1792,False
1793,Customer_1793,False
1794,Customer_1794,True
1795,Customer_1795,True
1796,Customer_1796,False
1797,Customer_1797,False
1798,Customer_1798,False
1799,Customer_1799,False
1800,Customer_1800,False
1801,Customer_1801,False
1802,Customer_1802,False
1803,Customer_1803,False
1804,Customer_1804,False
1805,Customer_1805,False
1806,Customer_1806,False
1807,Customer_1807,True
1808,Customer_1808,False
1809,Customer_1809,False
1810,Customer_1810,False
1811,Customer_1811,False
1812,Customer_1812,False
1813,Customer_1813,False
1814,Customer_1814,False
1815,Customer_1815,False
1816,Customer_1816,False
1817,Customer_1817,False
1818,Customer_1818,False
1819,Customer_1819,False
1820,Customer_1820,False
1821,Customer_1821,False
1822,Customer_1822,False
1823,Customer_1823,False
1824,Customer_1824,False
1825,Customer_1825,False
1826,Customer_1826,False
1827,Customer_1827,False
1828,Customer_1828,False
1829,Customer_1829,False
1830,Customer_1830,False
1831,Customer_1831,False
1832,Customer_1832,False
1833,Customer_1833,False
1834,Customer_1834,False
1835,Customer_1835,False
1836,Customer_1836,False
1837,Customer_1837,False
1838,Customer_1838,False
1839,Customer_1839,False
1840,Customer_1840,False
1841,Customer_1841,False
1842,Customer_1842,False
1843,Customer_1843,False
1844,Customer_1844,False
1845,Customer_1845,False
1846,Customer_1846,False
1847,Customer_1847,True
1848,Customer_1848,False
1849,Customer_1849,False
1850,Customer_1850,False
1851,Customer_1851,False
1852,Customer_1852,False
1853,Customer_1853,False
1854,Customer_1854,False
1855,Customer_1855,False
1856,Customer_1856,False
1857,Customer_1857,False
1858,Customer_1858,False
1859,Customer_1859,False
1860,Customer_1860,False
1861,Customer_1861,False
1862,Customer_1862,False
1863,Customer_1863,False
1864,Customer_1864,False
1865,Customer_1865,False
1866,Customer_1866,False
1867,Customer_1867,True
1868,Customer_1868,False
1869,Customer_1869,False
1870,Customer_1870,False
1871,Customer_1871,True
1872,Customer_1872,False
1873,Customer_1873,False
1874,Customer_1874,False
1875,Customer_1875,False
1876,Customer_1876,False
1877,Customer_1877,False
1878,Customer_1878,False
1879,Customer_1879,False
1880,Customer_1880,False
1881,Customer_1881,False
1882,Customer_1882,True
1883,Customer_1883,False
1884,Customer_1884,True
1885,Customer_1885,False
1886,Customer_1886,False
1887,Customer_1887,False
1888,Customer_1888,False
1889,Customer_1889,False
1890,Customer_1890,False
1891,Customer_1891,False
1892,Customer_1892,False
1893,Customer_1893,False
1894,Customer_1894,False
1895,Customer_1895,False
1896,Customer_1896,False
1897,Customer_1897,False
1898,Customer_1898,False
1899,Customer_1899,False
1900,Customer_1900,False
1901,Customer_1901,False
1902,Customer_1902,True
1903,Customer_1903,False
1904,Customer_1904,False
1905,Customer_1905,False
1906,Customer_1906,True
1907,Customer_1907,False
1908,Customer_1908,False
1909,Customer_1909,False
1910,Customer_1910,True
1911,Customer_1911,False
1912,Customer_1912,False
1913,Customer_1913,False
1914,Customer_1914,False
1915,Customer_1915,False
1916,Customer_1916,False
1917,Customer_1917,False
1918,Customer_1918,False
1919,Customer_1919,False
1920,Customer_1920,True
1921,Customer_1921,True
1922,Customer_1922,False
1923,Customer_1923,False
1924,Customer_1924,False
1925,Customer_1925,False
1926,Customer_1926,False
1927,Customer_1927,False
1928,Customer_1928,False
1929,Customer_1929,False
1930,Customer_1930,False
1931,Customer_1931,True
1932,Customer_1932,False
1933,Customer_1933,False
1934,Customer_1934,False
1935,Customer_1935,False
1936,Customer_1936,False
1937,Customer_1937,False
1938,Customer_1938,False
1939,Customer_1939,False
1940,Customer_1940,False
1941,Customer_1941,False
1942,Customer_1942,False
1943,Customer_1943,False
1944,Customer_1944,False
1945,Customer_1945,False
1946,Customer_1946,False
1947,Customer_1947,False
1948,Customer_1948,False
1949,Customer_1949,False
1950,Customer_1950,True
1951,Customer_1951,True
1952,Customer_1952,False
1953,Customer_1953,False
1954,Customer_1954,False
1955,Customer_1955,False
1956,Customer_1956,False
1957,Customer_1957,False
1958,Customer_1958,False
1959,Customer_1959,False
1960,Customer_1960,False
1961,Customer_1961,False
1962,Customer_1962,False
1963,Customer_1963,False
1964,Customer_1964,False
1965,Customer_1965,False
1966,Customer_1966,True
1967,Customer_1967,False
1968,Customer_1968,False
1969,Customer_1969,False
1970,Customer_1970,False
1971,Customer_1971,False
1972,Customer_1972,False
1973,Customer_1973,False
1974,Customer_1974,False
1975,Customer_1975,False
1976,Customer_1976,False
1977,Customer_1977,False
1978,Customer_1978,True
1979,Customer_1979,True
1980,Customer_1980,False
1981,Customer_1981,False
1982,Customer_1982,False
1983,Customer_1983,False
1984,Customer_1984,False
1985,Customer_1985,False
1986,Customer_1986,False
1987,Customer_1987,False
1988,Customer_1988,False
1989,Customer_1989,True
1990,Customer_1990,False
1991,Customer_1991,True
1992,Customer_1992,True
1993,Customer_1993,False
1994,Customer_1994,False
1995,Customer_1995,False
1996,Customer_1996,False
1997,Customer_1997,False
1998,Customer_1998,False
1999,Customer_1999,True
2000,Customer_2000,False
2001,Customer_2001,False
2002,Customer_2002,False
2003,Customer_2003,False
2004,Customer_2004,True
2005,Customer_2005,False
2006,Customer_2006,False
2007,Customer_2007,False
2008,Customer_2008,False
2009,Customer_2009,False
2010,Customer_2010,False
2011,Customer_2011,False
2012,Customer_2012,False
2013,Customer_2013,False
2014,Customer_2014,False
2015,Customer_2015,False
2016,Customer_2016,False
2017,Customer_2017,False
2018,Customer_2018,False
2019,Customer_2019,False
2020,Customer_2020,False
2021,Customer_2021,False
2022,Customer_2022,False
2023,Customer_2023,False
2024,Customer_2024,False
2025,Customer_2025,False
2026,Customer_2026,False
2027,Customer_2027,True
2028,Customer_2028,False
2029,Customer_2029,False
2030,Customer_2030,True
2031,Customer_2031,False
2032,Customer_2032,False
2033,Customer_2033,False
2034,Customer_2034,False
2035,Customer_2035,False
2036,Customer_2036,False
2037,Customer_2037,False
2038,Customer_2038,False
2039,Customer_2039,False
2040,Customer_2040,False
2041,Customer_2041,True
2042,Customer_2042,False
2043,Customer_2043,False
2044,Customer_2044,False
2045,Customer_2045,True
2046,Customer_2046,False
2047,Customer_2047,False
2048,Customer_2048,False
2049,Customer_2049,False
2050,Customer_2050,False
2051,Customer_2051,False
2052,Customer_2052,False
2053,Customer_2053,False
2054,Customer_2054,False
2055,Customer_2055,False
2056,Customer_2056,False
2057,Customer_2057,False
2058,Customer_2058,False
2059,Customer_2059,False
2060,Customer_2060,False
2061,Customer_2061,True
2062,Customer_2062,True
2063,Customer_2063,False
2064,Customer_2064,False
2065,Customer_2065,False
2066,Customer_2066,False
2067,Customer_2067,False
2068,Customer_2068,False
2069,Customer_2069,False
2070,Customer_2070,False
2071,Customer_2071,False
2072,Customer_2072,False
2073,Customer_2073,False
2074,Customer_2074,False
2075,Customer_2075,False
2076,Customer_2076,False
2077,Customer_2077,False
2078,Customer_2078,False
2079,Customer_2079,False
2080,Customer_2080,False
2081,Customer_2081,False
2082,Customer_2082,False
2083,Customer_2083,False
2084,Customer_2084,False
2085,Customer_2085,False
2086,Customer_2086,False
2087,Customer_2087,False
2088,Customer_2088,False
2089,Customer_2089,False
2090,Customer_2090,False
2091,Customer_2091,False
2092,Customer_2092,False
2093,Customer_2093,False
2094,Customer_2094,False
2095,Customer_2095,False
2096,Customer_2096,False
2097,Customer_2097,False
2098,Customer_2098,False
2099,Customer_2099,True
2100,Customer_2100,False
2101,Customer_2101,False
2102,Customer_2102,False
2103,Customer_2103,False
2104,Customer_2104,False
2105,Customer_2105,False
2106,Customer_2106,False
2107,Customer_2107,False
2108,Customer_2108,False
2109,Customer_2109,False
2110,Customer_2110,False
2111,Customer_2111,False
2112,Customer_2112,True
2113,Customer_2113,False
2114,Customer_2114,False
2115,Customer_2115,False
2116,Customer_2116,False
2117,Customer_2117,True
2118,Customer_2118,False
2119,Customer_2119,False
2120,Customer_2120,False
2121,Customer_2121,False
2122,Customer_2122,False
2123,Customer_2123,False
2124,Customer_2124,False
2125,Customer_2125,False
2126,Customer_2126,False
2127,Customer_2127,False
2128,Customer_2128,False
2129,Customer_2129,False
2130,Customer_2130,False
2131,Customer_2131,False
2132,Customer_2132,False
2133,Customer_2133,False
2134,Customer_2134,False
2135,Customer_2135,False
2136,Customer_2136,False
2137,Customer_2137,False
2138,Customer_2138,False
2139,Customer_2139,False
2140,Customer_2140,False
2141,Customer_2141,False
2142,Customer_2142,False
2143,Customer_2143,False
2144,Customer_2144,False
2145,Customer_2145,False
2146,Customer_2146,False
2147,Customer_2147,False
2148,Customer_2148,False
2149,Customer_2149,False
2150,Customer_2150,False
2151,Customer_2151,False
2152,Customer_2152,True
2153,Customer_2153,False
2154,Customer_2154,False
2155,Customer_2155,False
2156,Customer_2156,False
2157,Customer_2157,False
2158,Customer_2158,False
2159,Customer_2159,False
2160,Customer_2160,False
2161,Customer_2161,False
2162,Customer_2162,False
2163,Customer_2163,True
2164,Customer_2164,False
2165,Customer_2165,False
2166,Customer_2166,False
2167,Customer_2167,False
2168,Customer_2168,False
2169,Customer_2169,False
2170,Customer_2170,False
2171,Customer_2171,False
2172,Customer_2172,False
2173,Customer_2173,False
2174,Customer_2174,False
2175,Customer_2175,False
2176,Customer_2176,False
2177,Customer_2177,False
2178,Customer_2178,False
2179,Customer_2179,False
2180,Customer_2180,False
2181,Customer_2181,False
2182,Customer_2182,False
2183,Customer_2183,False
2184,Customer_2184,True
2185,Customer_2185,False
2186,Customer_2186,False
2187,Customer_2187,False
2188,Customer_2188,False
2189,Customer_2189,False
2190,Customer_2190,False
2191,Customer_2191,False
2192,Customer_2192,False
2193,Customer_2193,True
2194,Customer_2194,False
2195,Customer_2195,False
2196,Customer_2196,False
2197,Customer_2197,False
2198,Customer_2198,False
2199,Customer_2199,False
2200,Customer_2200,False
2201,Customer_2201,False
2202,Customer_2202,False
2203,Customer_2203,True
2204,Customer_2204,False
2205,Customer_2205,True
2206,Customer_2206,False
2207,Customer_2207,False
2208,Customer_2208,False
2209,Customer_2209,False
2210,Customer_2210,False
2211,Customer_2211,False
2212,Customer_2212,True
2213,Customer_2213,False
2214,Customer_2214,False
2215,Customer_2215,False
2216,Customer_2216,False
2217,Customer_2217,False
2218,Customer_2218,False
2219,Customer_2219,True
2220,Customer_2220,False
2221,Customer_2221,False
2222,Customer_2222,True
2223,Customer_2223,False
2224,Customer_2224,False
2225,Customer_2225,False
2226,Customer_2226,False
2227,Customer_2227,True
2228,Customer_2228,False
2229,Customer_2229,False
2230,Customer_2230,False
2231,Customer_2231,True
2232,Customer_2232,False
2233,Customer_2233,False
2234,Customer_2234,False
2235,Customer_2235,False
2236,Customer_2236,False
2237,Customer_2237,False
2238,Customer_2238,False
2239,Customer_2239,False
2240,Customer_2240,False
2241,Customer_2241,False
2242,Customer_2242,False
2243,Customer_2243,False
2244,Customer_2244,False
2245,Customer_2245,False
2246,Customer_2246,False
2247,Customer_2247,False
2248,Customer_2248,False
2249,Customer_2249,False
2250,Customer_2250,False
2251,Customer_2251,False
2252,Customer_2252,False
2253,Customer_2253,False
2254,Customer_2254,False
2255,Customer_2255,False
2256,Customer_2256,False
2257,Customer_2257,False
2258,Customer_2258,False
2259,Customer_2259,False
2260,Customer_2260,True
2261,Customer_2261,False
2262,Customer_2262,False
2263,Customer_2263,False
2264,Customer_2264,True
2265,Customer_2265,False
2266,Customer_2266,False
2267,Customer_2267,False
2268,Customer_2268,False
2269,Customer_2269,False
2270,Customer_2270,False
2271,Customer_2271,False
2272,Customer_2272,False
2273,Customer_2273,False
2274,Customer_2274,False
2275,Customer_2275,True
2276,Customer_2276,True
2277,Customer_2277,False
2278,Customer_2278,True
2279,Customer_2279,False
2280,Customer_2280,False
2281,Customer_2281,False
2282,Customer_2282,False
2283,Customer_2283,False
2284,Customer_2284,False
2285,Customer_2285,False
2286,Customer_2286,False
2287,Customer_2287,True
2288,Customer_2288,False
2289,Customer_2289,False
2290,Customer_2290,False
2291,Customer_2291,False
2292,Customer_2292,False
2293,Customer_2293,False
2294,Customer_2294,False
2295,Customer_2295,False
2296,Customer_2296,False
2297,Customer_2297,False
2298,Customer_2298,False
2299,Customer_2299,False
2300,Customer_2300,False
2301,Customer_2301,False
2302,Customer_2302,False
2303,Customer_2303,False
2304,Customer_2304,False
2305,Customer_2305,False
2306,Customer_2306,False
2307,Customer_2307,False
2308,Customer_2308,True
2309,Customer_2309,False
2310,Customer_2310,True
2311,Customer_2311,False
2312,Customer_2312,True
2313,Customer_2313,False
2314,Customer_2314,False
2315,Customer_2315,False
2316,Customer_2316,False
2317,Customer_2317,False
2318,Customer_2318,False
2319,Customer_2319,False
2320,Customer_2320,False
2321,Customer_2321,False
2322,Customer_2322,True
2323,Customer_2323,True
2324,Customer_2324,False
2325,Customer_2325,False
2326,Customer_2326,False
2327,Customer_2327,False
2328,Customer_2328,False
2329,Customer_2329,False
2330,Customer_2330,True
2331,Customer_2331,False
2332,Customer_2332,False
2333,Customer_2333,False
2334,Customer_2334,False
2335,Customer_2335,False
2336,Customer_2336,False
2337,Customer_2337,False
2338,Customer_2338,True
2339,Customer_2339,False
2340,Customer_2340,False
2341,Customer_2341,True
2342,Customer_2342,False
2343,Customer_2343,False
2344,Customer_2344,False
2345,Customer_2345,False
2346,Customer_2346,True
2347,Customer_2347,False
2348,Customer_2348,False
2349,Customer_2349,False
2350,Customer_2350,False
2351,Customer_2351,False
2352,Customer_2352,False
2353,Customer_2353,False
2354,Customer_2354,False
2355,Customer_2355,False
2356,Customer_2356,False
2357,Customer_2357,False
2358,Customer_2358,False
2359,Customer_2359,False
2360,Customer_2360,False
2361,Customer_2361,False
2362,Customer_2362,False
2363,Customer_2363,False
2364,Customer_2364,False
2365,Customer_2365,False
2366,Customer_2366,False
2367,Customer_2367,False
2368,Customer_2368,False
2369,Customer_2369,False
2370,Customer_2370,False
2371,Customer_2371,False
2372,Customer_2372,False
2373,Customer_2373,False
2374,Customer_2374,False
2375,Customer_2375,False
2376,Customer_2376,False
2377,Customer_2377,False
2378,Customer_2378,True
2379,Customer_2379,False
2380,Customer_2380,False
2381,Customer_2381,False
2382,Customer_2382,True
2383,Customer_2383,False
2384,Customer_2384,False
2385,Customer_2385,False
2386,Customer_2386,False
2387,Customer_2387,False
2388,Customer_2388,False
2389,Customer_2389,False
2390,Customer_2390,False
2391,Customer_2391,False
2392,Customer_2392,False
2393,Customer_2393,False
2394,Customer_2394,True
2395,Customer_2395,False
2396,Customer_2396,False
2397,Customer_2397,False
2398,Customer_2398,True
2399,Customer_2399,True
2400,Customer_2400,False
2401,Customer_2401,False
2402,Customer_2402,True
2403,Customer_2403,False
2404,Customer_2404,False
2405,Customer_2405,False
2406,Customer_2406,False
2407,Customer_2407,False
2408,Customer_2408,False
2409,Customer_2409,False
2410,Customer_2410,False
2411,Customer_2411,False
2412,Customer_2412,False
2413,Customer_2413,False
2414,Customer_2414,False
2415,Customer_2415,False
2416,Customer_2416,False
2417,Customer_2417,False
2418,Customer_2418,False
2419,Customer_2419,False
2420,Customer_2420,False
2421,Customer_2421,False
2422,Customer_2422,False
2423,Customer_2423,False
2424,Customer_2424,False
2425,Customer_2425,False
2426,Customer_2426,False
2427,Customer_2427,False
2428,Customer_2428,False
2429,Customer_2429,True
2430,Customer_2430,False
2431,Customer_2431,False
2432,Customer_2432,False
2433,Customer_2433,False
2434,Customer_2434,False
2435,Customer_2435,False
2436,Customer_2436,False
2437,Customer_2437,False
2438,Customer_2438,False
2439,Customer_2439,False
2440,Customer_2440,False
2441,Customer_2441,False
2442,Customer_2442,False
2443,Customer_2443,False
2444,Customer_2444,False
2445,Customer_2445,False
2446,Customer_2446,False
2447,Customer_2447,False
2448,Customer_2448,True
2449,Customer_2449,False
2450,Customer_2450,False
2451,Customer_2451,False
2452,Customer_2452,False
2453,Customer_2453,False
2454,Customer_2454,False
2455,Customer_2455,False
2456,Customer_2456,False
2457,Customer_2457,False
2458,Customer_2458,False
2459,Customer_2459,False
2460,Customer_2460,False
2461,Customer_2461,False
2462,Customer_2462,False
2463,Customer_2463,False
2464,Customer_2464,False
2465,Customer_2465,False
2466,Customer_2466,False
2467,Customer_2467,False
2468,Customer_2468,False
2469,Customer_2469,False
2470,Customer_2470,False
2471,Customer_2471,False
2472,Customer_2472,False
2473,Customer_2473,False
2474,Customer_2474,False
2475,Customer_2475,False
2476,Customer_2476,False
2477,Customer_2477,False
2478,Customer_2478,False
2479,Customer_2479,False
2480,Customer_2480,False
2481,Customer_2481,False
2482,Customer_2482,False
2483,Customer_2483,False
2484,Customer_2484,False
2485,Customer_2485,False
2486,Customer_2486,False
2487,Customer_2487,False
2488,Customer_2488,False
2489,Customer_2489,False
2490,Customer_2490,False
2491,Customer_2491,True
2492,Customer_2492,False
2493,Customer_2493,False
2494,Customer_2494,False
2495,Customer_2495,False
2496,Customer_2496,False
2497,Customer_2497,True
2498,Customer_2498,False
2499,Customer_2499,False
2500,Customer_2500,False
2501,Customer_2501,False
2502,Customer_2502,False
2503,Customer_2503,False
2504,Customer_2504,False
2505,Customer_2505,False
2506,Customer_2506,False
2507,Customer_2507,False
2508,Customer_2508,False
2509,Customer_2509,True
2510,Customer_2510,False
2511,Customer_2511,False
2512,Customer_2512,False
2513,Customer_2513,False
2514,Customer_2514,True
2515,Customer_2515,False
2516,Customer_2516,False
2517,Customer_2517,False
2518,Customer_2518,False
2519,Customer_2519,False
2520,Customer_2520,False
2521,Customer_2521,False
2522,Customer_2522,False
2523,Customer_2523,False
2524,Customer_2524,False
2525,Customer_2525,True
2526,Customer_2526,False
2527,Customer_2527,True
2528,Customer_2528,False
2529,Customer_2529,False
2530,Customer_2530,True
2531,Customer_2531,False
2532,Customer_2532,False
2533,Customer_2533,False
2534,Customer_2534,False
2535,Customer_2535,True
2536,Customer_2536,False
2537,Customer_2537,False
2538,Customer_2538,False
2539,Customer_2539,True
2540,Customer_2540,False
2541,Customer_2541,False
2542,Customer_2542,False
2543,Customer_2543,True
2544,Customer_2544,True
2545,Customer_2545,False
2546,Customer_2546,False
2547,Customer_2547,False
2548,Customer_2548,False
2549,Customer_2549,False
2550,Customer_2550,False
2551,Customer_2551,False
2552,Customer_2552,False
2553,Customer_2553,False
2554,Customer_2554,False
2555,Customer_2555,False
2556,Customer_2556,False
2557,Customer_2557,False
2558,Customer_2558,False
2559,Customer_2559,False
2560,Customer_2560,False
2561,Customer_2561,False
2562,Customer_2562,False
2563,Customer_2563,False
2564,Customer_2564,False
2565,Customer_2565,False
2566,Customer_2566,False
2567,Customer_2567,True
2568,Customer_2568,False
2569,Customer_2569,False
2570,Customer_2570,False
2571,Customer_2571,False
2572,Customer_2572,False
2573,Customer_2573,False
2574,Customer_2574,False
2575,Customer_2575,False
2576,Customer_2576,False
2577,Customer_2577,False
2578,Customer_2578,False
2579,Customer_2579,False
2580,Customer_2580,False
2581,Customer_2581,False
2582,Customer_2582,True
2583,Customer_2583,False
2584,Customer_2584,False
2585,Customer_2585,True
2586,Customer_2586,False
2587,Customer_2587,True
2588,Customer_2588,False
2589,Customer_2589,False
2590,Customer_2590,True
2591,Customer_2591,False
2592,Customer_2592,True
2593,Customer_2593,False
2594,Customer_2594,False
2595,Customer_2595,False
2596,Customer_2596,False
2597,Customer_2597,False
2598,Customer_2598,False
2599,Customer_2599,False
2600,Customer_2600,False
